id,name,category,description,foundedYear,director_name,director_title,services,audience,locations,contact_phone,contact_email,contact_website,tags,memberOf,orgId,region
fafa-1,"Fédération des aînés franco-albertains (FAFA)","francophonie;vie communautaire;defense des droits;bien etre;services sociaux","Organisme provincial visant à améliorer la qualité de vie des aînés francophones en Alberta, favoriser leur engagement communautaire et lutter contre l’isolement.",1991,David Caron,Directeur,"Défense des droits des aînés;Ateliers de mieux-être;Activités culturelles et intergénérationnelles;Lutte contre l’isolement;Conférences et forums;Soutien aux clubs d’aînés;Information et bulletins en français;Service d’aide et de visite aux aînés (SAVA)","Francophones et francophiles de 50 ans et plus","Edmonton|Campus Saint-Jean, 8406 Rue Marie-Anne Gaboury, Edmonton, AB|53.5215554|-113.469015",780-465-8965,fafa@fafa.ab.ca,https://www.fafalta.ca,"ainés;francophone;soutien;communautaire;santé","RIFA",fafa,centre
fafa-2,"Fédération des aînés franco-albertains (FAFA)","francophonie;vie communautaire;defense des droits;bien etre;services sociaux","Organisme provincial visant à améliorer la qualité de vie des aînés francophones en Alberta, favoriser leur engagement communautaire et lutter contre l’isolement.",1991,David Caron,Directeur,"Défense des droits des aînés;Ateliers de mieux-être;Activités culturelles et intergénérationnelles;Lutte contre l’isolement;Conférences et forums;Soutien aux clubs d’aînés;Information et bulletins en français;Service d’aide et de visite aux aînés (SAVA)","Francophones et francophiles de 50 ans et plus","Calgary|Centre d'accueil francophone, 1006 2 Ave SW, Calgary, AB|51.0517091|-114.0794171",780-465-8965,fafa@fafa.ab.ca,https://www.fafalta.ca,"ainés;francophone;soutien;communautaire;santé","RIFA",fafa,sud
fafa-3,"Fédération des aînés franco-albertains (FAFA)","francophonie;vie communautaire;defense des droits;bien etre;services sociaux","Organisme provincial visant à améliorer la qualité de vie des aînés francophones en Alberta, favoriser leur engagement communautaire et lutter contre l’isolement.",1991,David Caron,Directeur,"Défense des droits des aînés;Ateliers de mieux-être;Activités culturelles et intergénérationnelles;Lutte contre l’isolement;Conférences et forums;Soutien aux clubs d’aînés;Information et bulletins en français;Service d’aide et de visite aux aînés (SAVA)","Francophones et francophiles de 50 ans et plus","Lethbridge|Centre La Cité des Prairies, Lethbridge, AB|49.6910003|-112.8107661",780-465-8965,fafa@fafa.ab.ca,https://www.fafalta.ca,"ainés;francophone;soutien;communautaire;santé","RIFA",fafa,sud
fafa-4,"Fédération des aînés franco-albertains (FAFA)","francophonie;vie communautaire;defense des droits;bien etre;services sociaux","Organisme provincial visant à améliorer la qualité de vie des aînés francophones en Alberta, favoriser leur engagement communautaire et lutter contre l’isolement.",1991,David Caron,Directeur,"Défense des droits des aînés;Ateliers de mieux-être;Activités culturelles et intergénérationnelles;Lutte contre l’isolement;Conférences et forums;Soutien aux clubs d’aînés;Information et bulletins en français;Service d’aide et de visite aux aînés (SAVA)","Francophones et francophiles de 50 ans et plus","Red Deer|Downtown Red Deer, Red Deer, AB|52.2696584|-113.8138416",780-465-8965,fafa@fafa.ab.ca,https://www.fafalta.ca,"ainés;francophone;soutien;communautaire;santé","RIFA",fafa,centre
fafa-5,"Fédération des aînés franco-albertains (FAFA)","francophonie;vie communautaire;defense des droits;bien etre;services sociaux","Organisme provincial visant à améliorer la qualité de vie des aînés francophones en Alberta, favoriser leur engagement communautaire et lutter contre l’isolement.",1991,David Caron,Directeur,"Défense des droits des aînés;Ateliers de mieux-être;Activités culturelles et intergénérationnelles;Lutte contre l’isolement;Conférences et forums;Soutien aux clubs d’aînés;Information et bulletins en français;Service d’aide et de visite aux aînés (SAVA)","Francophones et francophiles de 50 ans et plus","Wood Buffalo (Fort McMurray)|Downtown Fort McMurray, AB|56.72476|-111.37742",780-465-8965,fafa@fafa.ab.ca,https://www.fafalta.ca,"ainés;francophone;soutien;communautaire;santé","RIFA",fafa,nord
fmi-1,"Femme Moderne Influente (FMI)","francophonie;vie communautaire;entrepreneuriat;carriere;bien etre","Organisation dédiée à l’autonomisation des femmes francophones afin de surmonter les obstacles et réaliser leur plein potentiel, en favorisant le leadership, l’entrepreneuriat et l’engagement communautaire.",,Safia Bella Moke,Fondatrice et directrice,"Entrepreneuriat et développement des affaires;Développement professionnel et avancement de carrière;Développement personnel et bien-être;Autonomisation et réseautage communautaire;Mentorat entrepreneurial;Ateliers pratiques et formations","Femmes francophones (entrepreneures, professionnelles et femmes engagées)","Edmonton|Downtown Edmonton, AB|53.5409352|-113.508449",780-708-1024,info@femmemoderneinfluente.ca,https://femmemoderneinfluente.ca,"femmes;entrepreneuriat;leadership;santé mentale;réseautage;francophone","RIFA",fmi,centre
fmi-2,"Femme Moderne Influente (FMI)","francophonie;vie communautaire;entrepreneuriat;carriere;bien etre","Organisation dédiée à l’autonomisation des femmes francophones afin de surmonter les obstacles et réaliser leur plein potentiel, en favorisant le leadership, l’entrepreneuriat et l’engagement communautaire.",,Safia Bella Moke,Fondatrice et directrice,"Entrepreneuriat et développement des affaires;Développement professionnel et avancement de carrière;Développement personnel et bien-être;Autonomisation et réseautage communautaire;Mentorat entrepreneurial;Ateliers pratiques et formations","Femmes francophones (entrepreneures, professionnelles et femmes engagées)","Calgary|Downtown Calgary, AB|51.0478108|-114.0592619",780-708-1024,info@femmemoderneinfluente.ca,https://femmemoderneinfluente.ca,"femmes;entrepreneuriat;leadership;santé mentale;réseautage;francophone","RIFA",fmi,sud
fpfa-1,"Fédération des parents francophones de l’Alberta (FPFA)","francophonie;familles;education;petite enfance;defense des droits","Organisme qui soutient les parents francophones de l’Alberta en les représentant, outillant et rassemblant pour favoriser l’épanouissement des enfants francophones.",,Mireille Péloquin,Directrice générale,"Soutien aux conseils d’école et sociétés de parents francophones;Services de garde éducatifs francophones;Ateliers et formations pour les parents;Programme “Bienvenue Bébé !”;Représentation gouvernementale","Parents francophones, conseils d’école, comités de parents, enfants francophones","Edmonton|Bureau provincial FPFA, Edmonton, AB|53.52248909999999|-113.4663782",780-468-6934,info@fpfa.ab.ca,https://fpfa.ab.ca,"parents;éducation;francophonie;services de garde;ateliers;familles","RIFA",fpfa,centre
fja-1,"Francophonie Jeunesse de l’Alberta (FJA)","francophonie;jeunesse;vie communautaire;education;arts","Organisme qui représente et rassemble la jeunesse d’expression française en Alberta pour renforcer l’engagement et l’épanouissement de ses membres et assurer la persévérance de la francophonie.",1972,Julianna Damer,Directrice générale,"Cours de leadership AAA;Programmes CÉFORT pour conseils étudiants;Équipe Alberta - JeuxFC;Projets communautaires pour jeunes;Service d’animation pour événements communautaires","Jeunes francophones de 14 à 25 ans en Alberta","Edmonton|Cité francophone, Edmonton, AB|53.522441|-113.4663024",780-469-1344,fja@fja.ab.ca,https://fjalberta.ca,"jeunesse;leadership;francophonie;éducation;arts;sports;engagement","RIFA",fja,centre
iglf-2,"Institut Guy-Lacombe de la Famille (IGLF)","francophonie;familles;jeunesse;bien etre;vie communautaire","Organisme francophone soutenant les familles francophones et francophiles d’Edmonton et du nord de l’Alberta, offrant des services pour le développement des enfants, adolescents et parents, le bien-être familial et l’inclusion sociale.",1998,Rihab Alaya,Directrice générale,"Bibliothèque et joujouthèque francophones;Service de garde après-école et journées pédagogiques;Camp d’été Franco-Chouette pour enfants;Camp d’été Ados pour 12-15 ans;Activités familiales et fêtes d’anniversaire en français;Location de salles communautaires;Accompagnement parental et développement familial","Familles francophones et francophiles, enfants 0-18 ans, parents","Edmonton|Institut Guy-Lacombe de la Famille, Edmonton, AB|53.5224248|-113.4665363",780-468-4882,info@iglf.ca,https://institutguylacombe.ca,"famille;enfants;adolescents;éducation;francophonie;développement familial","RIFA",iglf,centre
iglf-1,"Institut Guy-Lacombe de la Famille (IGLF)","francophonie;familles;jeunesse;bien etre;vie communautaire","Organisme francophone soutenant les familles francophones et francophiles d’Edmonton et du nord de l’Alberta, offrant des services pour le développement des enfants, adolescents et parents, le bien-être familial et l’inclusion sociale.",1998,Rihab Alaya,Directrice générale,"Bibliothèque et joujouthèque francophones;Service de garde après-école et journées pédagogiques;Camp d’été Franco-Chouette pour enfants;Camp d’été Ados pour 12-15 ans;Activités familiales et fêtes d’anniversaire en français;Location de salles communautaires;Accompagnement parental et développement familial","Familles francophones et francophiles, enfants 0-18 ans, parents","Grande Prairie|Services étendus pour le nord de l’Alberta, Grande Prairie, AB|55.170691|-118.7884808",780-468-4882,info@iglf.ca,https://institutguylacombe.ca,"famille;enfants;adolescents;éducation;francophonie;développement familial","RIFA",iglf,nord
mcg-0,"MCG Careers","emploi;carriere;formation professionnelle;ateliers","Entreprise albertaine spécialisée dans les services d’emploi, la formation professionnelle et le développement de carrière, accompagnant les chercheurs d’emploi et employeurs à travers la province avec un focus sur inclusion et autonomisation.",1989,Shannon Mervold,Directrice générale et propriétaire,"Accompagnement personnalisé pour recherche d’emploi;Rédaction de CV et lettres de motivation;Préparation aux entrevues;Orientation vers ressources adaptées;Programmes spécialisés : Anchor Point, Constructing Success, Experience Counts, Rapid Employment Services;Formations et ateliers professionnels;Support aux employeurs : salons de l’emploi, diffusion d’offres et ressources;Outils et espaces en ligne pour faciliter la recherche d’emploi","Albertains de 18 ans et plus, chercheurs d’emploi, travailleurs expérimentés, jeunes adultes, personnes en reconversion professionnelle ou avec obstacles à l’emploi","Calgary|MCG Careers, Calgary, AB|50.9550019|-114.0700603",780-448-1380,edmmcg@mcgcareers.com,https://www.mcgcareers.com,"emploi;formation;développement professionnel;jeunes adultes;inclusion;mentorats","RIFA",mcg,sud
mcg-1,"MCG Careers","emploi;carriere;formation professionnelle;ateliers","Entreprise albertaine spécialisée dans les services d’emploi, la formation professionnelle et le développement de carrière, accompagnant les chercheurs d’emploi et employeurs à travers la province avec un focus sur inclusion et autonomisation.",1989,Shannon Mervold,Directrice générale et propriétaire,"Accompagnement personnalisé pour recherche d’emploi;Rédaction de CV et lettres de motivation;Préparation aux entrevues;Orientation vers ressources adaptées;Programmes spécialisés : Anchor Point, Constructing Success, Experience Counts, Rapid Employment Services;Formations et ateliers professionnels;Support aux employeurs : salons de l’emploi, diffusion d’offres et ressources;Outils et espaces en ligne pour faciliter la recherche d’emploi","Albertains de 18 ans et plus, chercheurs d’emploi, travailleurs expérimentés, jeunes adultes, personnes en reconversion professionnelle ou avec obstacles à l’emploi","Edmonton|MCG Careers, Edmonton, AB|53.5414521|-113.502472",780-448-1380,edmmcg@mcgcareers.com,https://www.mcgcareers.com,"emploi;formation;développement professionnel;jeunes adultes;inclusion;mentorats","RIFA",mcg,centre
mcg-2,"MCG Careers","emploi;carriere;formation professionnelle;ateliers","Entreprise albertaine spécialisée dans les services d’emploi, la formation professionnelle et le développement de carrière, accompagnant les chercheurs d’emploi et employeurs à travers la province avec un focus sur inclusion et autonomisation.",1989,Shannon Mervold,Directrice générale et propriétaire,"Accompagnement personnalisé pour recherche d’emploi;Rédaction de CV et lettres de motivation;Préparation aux entrevues;Orientation vers ressources adaptées;Programmes spécialisés : Anchor Point, Constructing Success, Experience Counts, Rapid Employment Services;Formations et ateliers professionnels;Support aux employeurs : salons de l’emploi, diffusion d’offres et ressources;Outils et espaces en ligne pour faciliter la recherche d’emploi","Albertains de 18 ans et plus, chercheurs d’emploi, travailleurs expérimentés, jeunes adultes, personnes en reconversion professionnelle ou avec obstacles à l’emploi","High River|MCG Careers, High River, AB|50.5723672|-113.8712357",780-448-1380,edmmcg@mcgcareers.com,https://www.mcgcareers.com,"emploi;formation;développement professionnel;jeunes adultes;inclusion;mentorats","RIFA",mcg,sud
mcg-3,"MCG Careers","emploi;carriere;formation professionnelle;ateliers","Entreprise albertaine spécialisée dans les services d’emploi, la formation professionnelle et le développement de carrière, accompagnant les chercheurs d’emploi et employeurs à travers la province avec un focus sur inclusion et autonomisation.",1989,Shannon Mervold,Directrice générale et propriétaire,"Accompagnement personnalisé pour recherche d’emploi;Rédaction de CV et lettres de motivation;Préparation aux entrevues;Orientation vers ressources adaptées;Programmes spécialisés : Anchor Point, Constructing Success, Experience Counts, Rapid Employment Services;Formations et ateliers professionnels;Support aux employeurs : salons de l’emploi, diffusion d’offres et ressources;Outils et espaces en ligne pour faciliter la recherche d’emploi","Albertains de 18 ans et plus, chercheurs d’emploi, travailleurs expérimentés, jeunes adultes, personnes en reconversion professionnelle ou avec obstacles à l’emploi","Okotoks|MCG Careers, Okotoks, AB|50.7255247|-113.9803384",780-448-1380,edmmcg@mcgcareers.com,https://www.mcgcareers.com,"emploi;formation;développement professionnel;jeunes adultes;inclusion;mentorats","RIFA",mcg,sud
mcg-4,"MCG Careers","emploi;carriere;formation professionnelle;ateliers","Entreprise albertaine spécialisée dans les services d’emploi, la formation professionnelle et le développement de carrière, accompagnant les chercheurs d’emploi et employeurs à travers la province avec un focus sur inclusion et autonomisation.",1989,Shannon Mervold,Directrice générale et propriétaire,"Accompagnement personnalisé pour recherche d’emploi;Rédaction de CV et lettres de motivation;Préparation aux entrevues;Orientation vers ressources adaptées;Programmes spécialisés : Anchor Point, Constructing Success, Experience Counts, Rapid Employment Services;Formations et ateliers professionnels;Support aux employeurs : salons de l’emploi, diffusion d’offres et ressources;Outils et espaces en ligne pour faciliter la recherche d’emploi","Albertains de 18 ans et plus, chercheurs d’emploi, travailleurs expérimentés, jeunes adultes, personnes en reconversion professionnelle ou avec obstacles à l’emploi","Red Deer|MCG Careers, Red Deer, AB|52.26754039999999|-113.8136765",780-448-1380,edmmcg@mcgcareers.com,https://www.mcgcareers.com,"emploi;formation;développement professionnel;jeunes adultes;inclusion;mentorats","RIFA",mcg,centre
parallele-1,"Parallèle Alberta","francophonie;entrepreneuriat;emploi;carriere;formation professionnelle","Organisme dédié au développement économique des francophones en Alberta, soutenant les entrepreneurs, chercheurs d’emploi et professionnels grâce à des services adaptés, formations et opportunités de réseautage.",,Étienne Alary,Directeur général,"Accompagnement entrepreneurial personnalisé;Orientation vers des sources de financement;Formations continues (ateliers, webinaires, sessions de formation);Réseautage professionnel;Soutien à l’employabilité","Entrepreneurs, chercheurs d’emploi et communauté d’affaires francophone de l’Alberta","Edmonton|Parallèle Alberta, Edmonton, AB|53.5221962|-113.467437",Edmonton: 780-490-6975, Calgary: 403-802-0880 poste 120,info@parallele-ab.ca,https://parallele-ab.ca,"entrepreneuriat;emploi;développement économique;francophonie;formation;réseautage","RIFA",parallele,centre
parallele-2,"Parallèle Alberta","francophonie;entrepreneuriat;emploi;carriere;formation professionnelle","Organisme dédié au développement économique des francophones en Alberta, soutenant les entrepreneurs, chercheurs d’emploi et professionnels grâce à des services adaptés, formations et opportunités de réseautage.",,Étienne Alary,Directeur général,"Accompagnement entrepreneurial personnalisé;Orientation vers des sources de financement;Formations continues (ateliers, webinaires, sessions de formation);Réseautage professionnel;Soutien à l’employabilité","Entrepreneurs, chercheurs d’emploi et communauté d’affaires francophone de l’Alberta","Calgary|Parallèle Alberta, Calgary, AB|51.0411562|-114.0629964",Edmonton: 780-490-6975, Calgary: 403-802-0880 poste 120,info@parallele-ab.ca,https://parallele-ab.ca,"entrepreneuriat;emploi;développement économique;francophonie;formation;réseautage","RIFA",parallele,sud
pcb-1,"Pont Cultural Bridge (PCB)","integration;nouveaux arrivants;culture;vie communautaire;francophonie","Organisme à but non lucratif favorisant l’intégration des immigrants francophones et la cohésion interculturelle en Alberta à travers des initiatives culturelles, sportives et sociales.",2017,Mohamed Kourouma,Cofondateur et Directeur général,"Programmes culturels et artistiques (événements, concours, PCB Awards);Activités sportives pour l’intégration communautaire;Économie sociale et soutien aux entreprises locales;Événements communautaires et festivals;Soutien aux familles à faible revenu","Nouveaux arrivants francophones, communautés culturelles francophones, société albertaine en général","Edmonton|Pont Cultural Bridge, Edmonton, AB|53.51776|-113.46488",587-520-8833,contact@pontculturalbridge.ca,https://pontculturalbridge.ca/fr,"immigration;intégration;culture;sport;économie sociale;communauté;diversité","RIFA",pcb,centre
pcb-2,"Pont Cultural Bridge (PCB)","integration;nouveaux arrivants;culture;vie communautaire;francophonie","Organisme à but non lucratif favorisant l’intégration des immigrants francophones et la cohésion interculturelle en Alberta à travers des initiatives culturelles, sportives et sociales.",2017,Mohamed Kourouma,Cofondateur et Directeur général,"Programmes culturels et artistiques (événements, concours, PCB Awards);Activités sportives pour l’intégration communautaire;Économie sociale et soutien aux entreprises locales;Événements communautaires et festivals;Soutien aux familles à faible revenu","Nouveaux arrivants francophones, communautés culturelles francophones, société albertaine en général","Calgary|Pont Cultural Bridge, Calgary, AB|51.0509985|-114.0847612",587-520-8833,contact@pontculturalbridge.ca,https://pontculturalbridge.ca/fr,"immigration;intégration;culture;sport;économie sociale;communauté;diversité","RIFA",pcb,sud
prospect-1,"Prospect Human Services","emploi;formation professionnelle;ateliers;nouveaux arrivants;integration","Organisme bilingue à but non lucratif aidant les chercheurs d’emploi à surmonter les obstacles à l’emploi et soutenant les employeurs dans le recrutement, avec des services gratuits pour les résidents de l’Alberta.",,Kevin McNichol,Directeur général,"Soutien à l'emploi pour les personnes handicapées;Services pour les anciens combattants;Formation en milieu de travail;Ateliers et soutien pour chercheurs d’emploi (CV, entrevues, recherche d’emploi);Services pour les employeurs (recrutement, formation, rétention d’employés)","Personnes en recherche d’emploi (jeunes travailleurs, immigrants récents, personnes en reconversion professionnelle), employeurs et entreprises diversifiées","Airdrie|Prospect Human Services, Airdrie, AB|51.290336|-114.0147014",1-877-483-2562,info@prospectnow.ca,https://www.prospectnow.ca,"emploi;formation;recherche d’emploi;inclusion;diversité;jeunes adultes;immigrants","RIFA",prospect,sud
prospect-2,"Prospect Human Services","emploi;formation professionnelle;ateliers;nouveaux arrivants;integration","Organisme bilingue à but non lucratif aidant les chercheurs d’emploi à surmonter les obstacles à l’emploi et soutenant les employeurs dans le recrutement, avec des services gratuits pour les résidents de l’Alberta.",,Kevin McNichol,Directeur général,"Soutien à l'emploi pour les personnes handicapées;Services pour les anciens combattants;Formation en milieu de travail;Ateliers et soutien pour chercheurs d’emploi (CV, entrevues, recherche d’emploi);Services pour les employeurs (recrutement, formation, rétention d’employés)","Personnes en recherche d’emploi (jeunes travailleurs, immigrants récents, personnes en reconversion professionnelle), employeurs et entreprises diversifiées","Calgary|Prospect Human Services, Calgary Northeast, AB|51.06035929999999|-113.9866775",1-877-483-2562,info@prospectnow.ca,https://www.prospectnow.ca,"emploi;formation;recherche d’emploi;inclusion;diversité;jeunes adultes;immigrants","RIFA",prospect,sud
prospect-3,"Prospect Human Services","emploi;formation professionnelle;ateliers;nouveaux arrivants;integration","Organisme bilingue à but non lucratif aidant les chercheurs d’emploi à surmonter les obstacles à l’emploi et soutenant les employeurs dans le recrutement, avec des services gratuits pour les résidents de l’Alberta.",,Kevin McNichol,Directeur général,"Soutien à l'emploi pour les personnes handicapées;Services pour les anciens combattants;Formation en milieu de travail;Ateliers et soutien pour chercheurs d’emploi (CV, entrevues, recherche d’emploi);Services pour les employeurs (recrutement, formation, rétention d’employés)","Personnes en recherche d’emploi (jeunes travailleurs, immigrants récents, personnes en reconversion professionnelle), employeurs et entreprises diversifiées","Calgary|Prospect Human Services, Studio C, Calgary, AB|51.0273727|-114.1007071",1-877-483-2562,info@prospectnow.ca,https://www.prospectnow.ca,"emploi;formation;recherche d’emploi;inclusion;diversité;jeunes adultes;immigrants","RIFA",prospect,sud
prospect-4,"Prospect Human Services","emploi;formation professionnelle;ateliers;nouveaux arrivants;integration","Organisme bilingue à but non lucratif aidant les chercheurs d’emploi à surmonter les obstacles à l’emploi et soutenant les employeurs dans le recrutement, avec des services gratuits pour les résidents de l’Alberta.",,Kevin McNichol,Directeur général,"Soutien à l'emploi pour les personnes handicapées;Services pour les anciens combattants;Formation en milieu de travail;Ateliers et soutien pour chercheurs d’emploi (CV, entrevues, recherche d’emploi);Services pour les employeurs (recrutement, formation, rétention d’employés)","Personnes en recherche d’emploi (jeunes travailleurs, immigrants récents, personnes en reconversion professionnelle), employeurs et entreprises diversifiées","Cochrane|Prospect Human Services, Cochrane, AB|51.185091|-114.4754661",1-877-483-2562,info@prospectnow.ca,https://www.prospectnow.ca,"emploi;formation;recherche d’emploi;inclusion;diversité;jeunes adultes;immigrants","RIFA",prospect,sud
prospect-5,"Prospect Human Services","emploi;formation professionnelle;ateliers;nouveaux arrivants;integration","Organisme bilingue à but non lucratif aidant les chercheurs d’emploi à surmonter les obstacles à l’emploi et soutenant les employeurs dans le recrutement, avec des services gratuits pour les résidents de l’Alberta.",,Kevin McNichol,Directeur général,"Soutien à l'emploi pour les personnes handicapées;Services pour les anciens combattants;Formation en milieu de travail;Ateliers et soutien pour chercheurs d’emploi (CV, entrevues, recherche d’emploi);Services pour les employeurs (recrutement, formation, rétention d’employés)","Personnes en recherche d’emploi (jeunes travailleurs, immigrants récents, personnes en reconversion professionnelle), employeurs et entreprises diversifiées","Edmonton|Prospect Human Services, Edmonton, AB|53.5629121|-113.5064321",1-877-483-2562,info@prospectnow.ca,https://www.prospectnow.ca,"emploi;formation;recherche d’emploi;inclusion;diversité;jeunes adultes;immigrants","RIFA",prospect,centre
prospect-6,"Prospect Human Services","emploi;formation professionnelle;ateliers;nouveaux arrivants;integration","Organisme bilingue à but non lucratif aidant les chercheurs d’emploi à surmonter les obstacles à l’emploi et soutenant les employeurs dans le recrutement, avec des services gratuits pour les résidents de l’Alberta.",,Kevin McNichol,Directeur général,"Soutien à l'emploi pour les personnes handicapées;Services pour les anciens combattants;Formation en milieu de travail;Ateliers et soutien pour chercheurs d’emploi (CV, entrevues, recherche d’emploi);Services pour les employeurs (recrutement, formation, rétention d’employés)","Personnes en recherche d’emploi (jeunes travailleurs, immigrants récents, personnes en reconversion professionnelle), employeurs et entreprises diversifiées","Strathmore|Prospect Human Services, Strathmore, AB|51.04248699999999|-113.395689",1-877-483-2562,info@prospectnow.ca,https://www.prospectnow.ca,"emploi;formation;recherche d’emploi;inclusion;diversité;jeunes adultes;immigrants","RIFA",prospect,sud
rafa-1,"Regroupement Artistique Francophone de l’Alberta (RAFA)","arts;culture;francophonie;formation professionnelle;defense des droits","Organisme représentant les artistes et organismes culturels francophones en Alberta, soutenant la création, la production, la diffusion et la promotion des œuvres, tout en offrant des services de formation et de représentation professionnelle.",2001,Raphaël Freynet,Directeur général,"Soutien aux artistes et organismes culturels (accompagnement, mentorat, développement de carrière);Promotion et diffusion des œuvres francophones;Reconnaissance artistique (Prix Martin-Lavoie, Prix Envol, Prix Lumière);Formation professionnelle pour artistes;Plaidoyer et représentation auprès des instances politiques et communautaires","Artistes et organismes culturels francophones de l’Alberta dans les domaines de la musique, théâtre, danse, arts visuels, littérature et médias","Edmonton|La Cité francophone, Edmonton, AB|53.522441|-113.4663024",780-462-0502,info@lerafa.ca,https://www.lerafa.ca,"arts;culture;francophonie;formation;promotion;représentation;artistique","RIFA",rafa,centre
rsa-1,"Réseau santé Alberta (RSA)","sante;francophonie;bien etre;services sociaux;vie communautaire","Organisme chef de file en santé en Alberta, visant à renforcer l'accès aux services de santé en français, promouvoir le mieux-être et faciliter la concertation entre les acteurs de la santé et les communautés francophones.",2004,Marie-Claude Coté,Directrice générale,"Appui, sensibilisation, concertation et mobilisation pour améliorer l’accès aux services de santé en français;Développement des capacités des groupes de santé, professionnels francophones et organismes/institutions francophones;Renforcement des liens avec les intervenants du domaine de la santé;Promotion de l’offre et de la demande active de services de santé en français (répertoires, sensibilisation, mobilisation)","Francophones de l’Alberta (familles, aînés, nouveaux arrivants, populations rurales, groupes vulnérables), professionnels de la santé, institutions et étudiants en santé, décideurs politiques et gestionnaires des services de santé","Edmonton|Siège social, Edmonton, AB|53.59923629999999|-113.6562626",780-466-9816,info@rsa-ab.ca,https://rsa-ab.ca,"santé;services sociaux;francophonie;communauté;professionnels de santé;mobilisation","RIFA",rsa,centre
shfa-1,"Société historique francophone de l’Alberta","histoire;patrimoine;francophonie;education;culture","Organisme provincial à but non lucratif dédié à la protection, au rayonnement et à la représentation du patrimoine et de l’histoire franco-albertaine, avec des initiatives pédagogiques et numériques pour valoriser l’histoire de la francophonie en Alberta.",2012,Denis Perreaux,Directeur général,"Service de référencement historique pour guider les chercheurs;Ressources pédagogiques pour enseignants et élèves;Numérisation et préservation d’archives historiques;Organisation d’événements (conférences, expositions, ateliers);Collaboration avec des partenaires pour promouvoir le patrimoine francophone","Francophones et francophiles intéressés par le patrimoine historique, chercheurs, étudiants, enseignants, et toute personne souhaitant découvrir l’histoire francophone de l’Alberta","Edmonton|Siège social, Edmonton, AB|53.59923629999999|-113.6562626",587-986-2342,info@shfa.ca,https://histoireab.ca,"patrimoine;culture;francophonie;histoire;archives;éducation","RIFA",shfa,centre
wcg-0,"WCG Services","emploi;formation professionnelle;carriere;services sociaux;francophonie","Entreprise spécialisée dans les services d'emploi et de formation professionnelle, offrant un accompagnement personnalisé aux chercheurs d’emploi et aux employeurs, incluant réhabilitation professionnelle et soutien aux populations vulnérables.",2016,Tania Bennett,Directrice générale,"Accompagnement à l’emploi : coaching, rédaction CV/lettres, préparation aux entretiens, plan de carrière;Programmes spécialisés : WorkBC, WorkConnect, orientation professionnelle, soutien post-placement;Réhabilitation professionnelle : services pour anciens combattants et personnes avec difficultés de santé ou juridiques;Support employeurs : présélection de candidats, jumelage selon postes, subventions salariales, recrutement inclusif","Personnes faisant face à des défis d’emploi ou de réinsertion (nouveaux arrivants, réfugiés, personnes handicapées, jeunes avec obstacles à l’emploi, Autochtones, parents seuls, bénéficiaires d’aide sociale), ainsi que les employeurs et partenaires locaux","Calgary|Bureaux régionaux, Calgary, AB|51.04473309999999|-114.0718831",1-888-354-7540,info@wcgservices.com,https://www.wcgservices.com,"emploi;formation;réhabilitation;francophonie;inclusion;coaching;jeunes;anciens combattants","RIFA",wcg,sud
wcg-1,"WCG Services","emploi;formation professionnelle;carriere;services sociaux;francophonie","Entreprise spécialisée dans les services d'emploi et de formation professionnelle, offrant un accompagnement personnalisé aux chercheurs d’emploi et aux employeurs, incluant réhabilitation professionnelle et soutien aux populations vulnérables.",2016,Tania Bennett,Directrice générale,"Accompagnement à l’emploi : coaching, rédaction CV/lettres, préparation aux entretiens, plan de carrière;Programmes spécialisés : WorkBC, WorkConnect, orientation professionnelle, soutien post-placement;Réhabilitation professionnelle : services pour anciens combattants et personnes avec difficultés de santé ou juridiques;Support employeurs : présélection de candidats, jumelage selon postes, subventions salariales, recrutement inclusif","Personnes faisant face à des défis d’emploi ou de réinsertion (nouveaux arrivants, réfugiés, personnes handicapées, jeunes avec obstacles à l’emploi, Autochtones, parents seuls, bénéficiaires d’aide sociale), ainsi que les employeurs et partenaires locaux","Edmonton|Bureaux régionaux, Edmonton, AB|53.5461663|-113.4937355",1-888-354-7540,info@wcgservices.com,https://www.wcgservices.com,"emploi;formation;réhabilitation;francophonie;inclusion;coaching;jeunes;anciens combattants","RIFA",wcg,centre
cinemagine-1,"Cinémagine","francophonie;culture;cinema;jeunesse;ateliers","Organisme qui promeut la culture francophone en Alberta à travers le cinéma, offrant projections, ateliers scolaires et stages pour tous âges, ainsi qu’un festival annuel de films francophones.",2023,Lionel Vialaneix,Directeur général,"Le Film du Mois : projection mensuelle de films francophones pour ados/adultes;Ciné Saison : films familiaux projetés dans plusieurs villes selon les saisons;Ciné Bout’chou : ateliers de création de films en stop motion pour enfants 6-11 ans;Ciné Camp : stage d’une semaine pour ados (12-17 ans) avec réalisation de court métrage;Ciné Academy : ateliers scolaires interactifs sur le cinéma;Festival Coup de Projecteur : festival annuel de premiers films francophones;Tournée Jeunesse : projections itinérantes de films francophones pour écoles","Albertains francophones et francophiles de tous âges, incluant les jeunes anglophones apprenant le français","Calgary|Présence dans plusieurs villes, Calgary, AB|51.04473309999999|-114.0718831",403-320-7638,info@cinemagine.net,https://cinemagine.net,"cinéma;francophonie;culture;jeunes;atelier;festival;projection;éducation","RIFA",cinemagine,sud
cinemagine-2,"Cinémagine","francophonie;culture;cinema;jeunesse;ateliers","Organisme qui promeut la culture francophone en Alberta à travers le cinéma, offrant projections, ateliers scolaires et stages pour tous âges, ainsi qu’un festival annuel de films francophones.",2023,Lionel Vialaneix,Directeur général,"Le Film du Mois : projection mensuelle de films francophones pour ados/adultes;Ciné Saison : films familiaux projetés dans plusieurs villes selon les saisons;Ciné Bout’chou : ateliers de création de films en stop motion pour enfants 6-11 ans;Ciné Camp : stage d’une semaine pour ados (12-17 ans) avec réalisation de court métrage;Ciné Academy : ateliers scolaires interactifs sur le cinéma;Festival Coup de Projecteur : festival annuel de premiers films francophones;Tournée Jeunesse : projections itinérantes de films francophones pour écoles","Albertains francophones et francophiles de tous âges, incluant les jeunes anglophones apprenant le français","Edmonton|Présence dans plusieurs villes, Edmonton, AB|53.5938196|-113.5168647",403-320-7638,info@cinemagine.net,https://cinemagine.net,"cinéma;francophonie;culture;jeunes;atelier;festival;projection;éducation","RIFA",cinemagine,centre
cinemagine-3,"Cinémagine","francophonie;culture;cinema;jeunesse;ateliers","Organisme qui promeut la culture francophone en Alberta à travers le cinéma, offrant projections, ateliers scolaires et stages pour tous âges, ainsi qu’un festival annuel de films francophones.",2023,Lionel Vialaneix,Directeur général,"Le Film du Mois : projection mensuelle de films francophones pour ados/adultes;Ciné Saison : films familiaux projetés dans plusieurs villes selon les saisons;Ciné Bout’chou : ateliers de création de films en stop motion pour enfants 6-11 ans;Ciné Camp : stage d’une semaine pour ados (12-17 ans) avec réalisation de court métrage;Ciné Academy : ateliers scolaires interactifs sur le cinéma;Festival Coup de Projecteur : festival annuel de premiers films francophones;Tournée Jeunesse : projections itinérantes de films francophones pour écoles","Albertains francophones et francophiles de tous âges, incluant les jeunes anglophones apprenant le français","Lethbridge|Présence dans plusieurs villes, Lethbridge, AB|49.6956181|-112.8451067",403-320-7638,info@cinemagine.net,https://cinemagine.net,"cinéma;francophonie;culture;jeunes;atelier;festival;projection;éducation","RIFA",cinemagine,sud
cinemagine-4,"Cinémagine","francophonie;culture;cinema;jeunesse;ateliers","Organisme qui promeut la culture francophone en Alberta à travers le cinéma, offrant projections, ateliers scolaires et stages pour tous âges, ainsi qu’un festival annuel de films francophones.",2023,Lionel Vialaneix,Directeur général,"Le Film du Mois : projection mensuelle de films francophones pour ados/adultes;Ciné Saison : films familiaux projetés dans plusieurs villes selon les saisons;Ciné Bout’chou : ateliers de création de films en stop motion pour enfants 6-11 ans;Ciné Camp : stage d’une semaine pour ados (12-17 ans) avec réalisation de court métrage;Ciné Academy : ateliers scolaires interactifs sur le cinéma;Festival Coup de Projecteur : festival annuel de premiers films francophones;Tournée Jeunesse : projections itinérantes de films francophones pour écoles","Albertains francophones et francophiles de tous âges, incluant les jeunes anglophones apprenant le français","Medicine Hat|Présence dans plusieurs villes, Medicine Hat, AB|50.0290218|-110.7031976",403-320-7638,info@cinemagine.net,https://cinemagine.net,"cinéma;francophonie;culture;jeunes;atelier;festival;projection;éducation","RIFA",cinemagine,sud
cinemagine-5,"Cinémagine","francophonie;culture;cinema;jeunesse;ateliers","Organisme qui promeut la culture francophone en Alberta à travers le cinéma, offrant projections, ateliers scolaires et stages pour tous âges, ainsi qu’un festival annuel de films francophones.",2023,Lionel Vialaneix,Directeur général,"Le Film du Mois : projection mensuelle de films francophones pour ados/adultes;Ciné Saison : films familiaux projetés dans plusieurs villes selon les saisons;Ciné Bout’chou : ateliers de création de films en stop motion pour enfants 6-11 ans;Ciné Camp : stage d’une semaine pour ados (12-17 ans) avec réalisation de court métrage;Ciné Academy : ateliers scolaires interactifs sur le cinéma;Festival Coup de Projecteur : festival annuel de premiers films francophones;Tournée Jeunesse : projections itinérantes de films francophones pour écoles","Albertains francophones et francophiles de tous âges, incluant les jeunes anglophones apprenant le français","Red Deer|Présence dans plusieurs villes, Red Deer, AB|52.2690328|-113.8114955",403-320-7638,info@cinemagine.net,https://cinemagine.net,"cinéma;francophonie;culture;jeunes;atelier;festival;projection;éducation","RIFA",cinemagine,centre
acfa-1,"ACFA","francophonie;defense des droits;vie communautaire;culture;integration","Organisme porte-parole de la francophonie albertaine, actif dans la défense des droits linguistiques, la promotion de la culture francophone et le soutien aux initiatives communautaires à travers l'Alberta.",1926,Isabelle Laurin,Directrice générale,"Coordination provinciale et mobilisation des partenaires : animation de forums communautaires et tables de concertation;Appui à l’intégration et au sentiment d’appartenance des nouveaux arrivants;Représentation auprès des autorités provinciales et fédérales pour la défense des droits linguistiques et le financement des services en français;Production d’analyses, de données et d’outils stratégiques pour soutenir les organismes et informer les décideurs;Soutien aux campagnes de sensibilisation et de promotion pour accroître la visibilité des services en français;Renforcement des capacités communautaires : accompagnement en gouvernance et professionnalisation du secteur francophone;Leadership dans la mise en œuvre d’initiatives provinciales majeures : Mois de la francophonie, Semaine de l’immigration francophone, Mois de l’histoire des Noirs, Mois de la Fierté, Mois de l’histoire autochtone","ACFA régionales, organismes et institutions desservant les communautés francophones en Alberta, partenaires d’intérêts communs","Alberta|Présence dans toute la province|53.9332706|-116.5765035",,acfa@acfa.ab.ca,https://acfa.ab.ca,"francophonie;culture;droits linguistiques;communauté;coordination;promotion;intégration","RIFA",acfa,centre
acfa_calgary-1,"ACFA Régionale de Calgary","francophonie;vie communautaire;defense des droits;benevolat;integration","Organisme représentant la communauté francophone de Calgary et ses environs. Défend les intérêts de la francophonie locale, favorise l'expansion régionale et encourage l'usage et la valorisation de la langue française.",1983,Marie-Thérèse Nickel,Directrice régionale,"Promotion de la francophonie et vie culturelle : gestion des communications de la Francophonie à Calgary, promotion des services en français et des événements;Support communautaire : accès à des ressources et événements pour favoriser le réseautage et l'engagement social;Bénévolat : programme BBBV Calgary offrant des opportunités de bénévolat pour impliquer les nouveaux arrivants dans la communauté francophone","Francophones et francophiles de Calgary et ses environs, intervenants communautaires et institutions francophones et d'immersion","Calgary|122 17 Ave SE #124, Calgary, AB T2G 1H2|51.0380011|-114.0622897",(403) 361-0042,directriceregionale.calgary@acfa.ab.ca,https://calgary.acfa.ab.ca/,"francophonie;culture;communauté;événements;bénévolat;nouveaux arrivants","RIFA;CLIF du Sud",acfa_calgary,sud
acfa_grande_prairie-1,"ACFA Régionale de Grande Prairie","francophonie;vie communautaire;culture;defense des droits;nouveaux arrivants","Organisme représentant la communauté francophone de Grande Prairie et ses environs. Défend les intérêts de la francophonie locale, favorise le développement de la vie en français et collabore avec les écoles et organismes de la région.",1936,Hélène Lavigne-Casteran,Directrice régionale,"Valorisation et dynamisation de la vie francophone par des activités culturelles et services communautaires;Création de liens sociaux, célébration des identités francophones, soutien à l'épanouissement de la communauté;Promotion des activités et initiatives francophones auprès des familles, jeunes, nouveaux arrivants et personnes âgées","Francophones et francophiles de Grande Prairie et ses environs, incluant familles, jeunes, nouveaux arrivants et aînés","Grande Prairie|9928 111 Ave, Grande Prairie, AB T8V 4C3|55.1804113|-118.7932575",,direction.grandeprairie@acfa.ab.ca,https://grandeprairie.acfa.ab.ca/,"francophonie;culture;communauté;services communautaires;nouveaux arrivants","RIFA;CLIF du Nord",acfa_grande_prairie,nord
acfa_red_deer-1,"ACFA Régionale de Red Deer","francophonie;vie communautaire;nouveaux arrivants;integration;culture","Organisme dont le but est de promouvoir le bien-être intellectuel, culturel et social des francophones de la région et d’encourager l'utilisation du français par le biais d'activités culturelles et sociales.",,Nathalie Belkhiter,Directrice,"Orientation et information : aide à la découverte des ressources locales (logement, transport, écoles, etc.) pour faciliter l’installation des nouveaux arrivants;Soutien à l’intégration : assistance pour s’adapter à la vie au Canada, informations sur les services de santé, l’éducation et les opportunités d’emploi;Ateliers d’intégration : sessions d’information sur les démarches administratives, la reconnaissance des diplômes et les services offerts par d’autres organisations locales;Réseautage : organisation d’événements communautaires pour rencontrer d’autres membres de la communauté et créer un réseau social et professionnel","Francophones et francophiles de la région, notamment familles, jeunes, nouveaux arrivants et personnes âgées","Red Deer|4617 62 St, Red Deer, AB T4N 2R4|52.2844574|-113.8047692",,direction.reddeer@acfa.ab.ca,https://reddeer.acfa.ab.ca/,"francophonie;culture;communauté;services communautaires;nouveaux arrivants;jeunesse","RIFA;CLIF du Nord",acfa_red_deer,centre
acfa_wood_buffalo-1,"ACFA Régionale de Wood Buffalo","francophonie;vie communautaire;nouveaux arrivants;petite enfance;familles","Organisme créé en 1980 visant à promouvoir le bien-être culturel, intellectuel, social et économique des francophones de la région et encourager l'utilisation du français par des activités culturelles et sociales. Défend les intérêts de ses membres et permet à la communauté francophone et francophile de vivre fièrement en français.",1980,Maryse Champagne,Directrice générale,"Accueil des nouveaux arrivants : services d'appui et d'intégration pour les nouveaux arrivants provenant d’ailleurs au Canada et de l'étranger;Activités culturelles et sociales : organisation d'événements culturels, conférences, formations, activités sportives, spectacles et rencontres communautaires;Services de garde et petite enfance : encadrement francophone de qualité pour enfants de 0 à 12 ans avec la Garderie Chez Madame Piccolo et la halte-scolaire, programmes éducatifs approuvés par Alberta Child Care Services;Soutien aux familles et jeunes : activités et programmes éducatifs pour les familles et jeunes francophones;Bénévolat : opportunités pour s'impliquer et créer des liens dans la communauté francophone","Francophones et francophiles de la région, incluant familles, jeunes, nouveaux arrivants, personnes âgées et partenaires communautaires","Fort McMurray|312 Abasand Dr #100, Fort McMurray, AB T9J 1B2|56.7116401|-111.3797422",,administration.woodbuffalo@acfa.ab.ca,https://woodbuffalo.acfa.ab.ca/,"francophonie;culture;communauté;services communautaires;garderie;nouveaux arrivants;jeunesse;familles","RIFA;CLIF du Nord",acfa_wood_buffalo,nord
acfa_edmonton-1,"ACFA Régionale d’Edmonton","francophonie;vie communautaire;nouveaux arrivants;defense des droits;culture","Depuis 1977, l'ACFA Régionale d’Edmonton s'engage à représenter, défendre et promouvoir les intérêts des francophones de la région. Elle œuvre pour le développement culturel, social et économique de la communauté francophone et propose divers services et activités pour renforcer la vitalité de la francophonie à Edmonton.",1977,Josée Côté,Directrice,"Accueil et intégration des nouveaux arrivants : orientation, conseils, ateliers et soutien dans les démarches administratives;Événements communautaires et culturels : ateliers, concerts, célébrations culturelles pour rassembler la communauté francophone;Ateliers de formation et de développement personnel : sessions pour renforcer les compétences des francophones dans divers domaines;Engagement communautaire et bénévolat : opportunités pour soutenir les initiatives de l'ACFA et s'intégrer davantage dans la communauté","Francophones et francophiles de la région d’Edmonton et villes avoisinantes, incluant familles, jeunes, nouveaux arrivants et personnes âgées","Edmonton|8627 rue Marie-Anne-Gaboury, 91 St #303, Edmonton, AB T6C 3N1|53.522441|-113.4663024",,direction@acfaedmonton.ab.ca,https://edmonton.acfa.ab.ca/,"francophonie;culture;communauté;services communautaires;camp de jour;festival;nouveaux arrivants;jeunesse;familles","RIFA;CLIF du Nord",acfa_edmonton,centre
ajefa-0,"Association des Juristes d’Expression Française de l’Alberta","francophonie;defense des droits;education;information communautaire;nouveaux arrivants","Fondée en 1990, l’AJEFA facilite l’accès du public aux services juridiques en français et promeut l’utilisation de la langue française dans l’administration de la justice en Alberta.",1990,Maria Vigneault,Directrice générale,"Centre albertain d’information juridique : informations gratuites et confidentielles en français ou en anglais, service de commissaire à l’assermentation et notaire public gratuit;Ressources juridiques : guides, documents et vidéos informatifs couvrant tous les domaines juridiques;Éducation juridique : ateliers et programmes de sensibilisation pour le grand public, écoles, aînés, jeunes et nouveaux arrivants;Droits et justice en français : promotion de l’égalité linguistique devant les tribunaux et accès à la justice en français;Bourses d’études : soutien financier pour étudiants en droit francophones ou bilingues en Alberta et au Canada;Partenariats juridiques : collaboration avec cliniques juridiques, répertoire d’avocats bilingues et autres acteurs du milieu juridique","Grand public francophone de l’Alberta, étudiants en droit francophones ou bilingues, juristes francophones, jeunes et milieu scolaire","Edmonton|La Cité francophone, 314, 8627 rue Marie-Anne-Gaboury, 91 St, Edmonton, AB T6C 3L5|53.522441|-113.4663024",780-450-2443,bureau@ajefa.ca,https://www.ajefa.ca,"justice;juridique;francophonie;éducation juridique;ressources juridiques;centre d’information;nouveaux arrivants;étudiants en droit","RIFA;Groupe Sectoriel Santé et Services Sociaux",ajefa,centre
ajefa-1,"Association des Juristes d’Expression Française de l’Alberta","francophonie;defense des droits;education;information communautaire;nouveaux arrivants","Fondée en 1990, l’AJEFA facilite l’accès du public aux services juridiques en français et promeut l’utilisation de la langue française dans l’administration de la justice en Alberta.",1990,Maria Vigneault,Directrice générale,"Centre albertain d’information juridique : informations gratuites et confidentielles en français ou en anglais, service de commissaire à l’assermentation et notaire public gratuit;Ressources juridiques : guides, documents et vidéos informatifs couvrant tous les domaines juridiques;Éducation juridique : ateliers et programmes de sensibilisation pour le grand public, écoles, aînés, jeunes et nouveaux arrivants;Droits et justice en français : promotion de l’égalité linguistique devant les tribunaux et accès à la justice en français;Bourses d’études : soutien financier pour étudiants en droit francophones ou bilingues en Alberta et au Canada;Partenariats juridiques : collaboration avec cliniques juridiques, répertoire d’avocats bilingues et autres acteurs du milieu juridique","Grand public francophone de l’Alberta, étudiants en droit francophones ou bilingues, juristes francophones, jeunes et milieu scolaire","Calgary|Centre albertain d’information juridique - Calgary|51.04473309999999|-114.0718831",780-450-2443,bureau@ajefa.ca,https://www.ajefa.ca,"justice;juridique;francophonie;éducation juridique;ressources juridiques;centre d’information;nouveaux arrivants;étudiants en droit","RIFA;Groupe Sectoriel Santé et Services Sociaux",ajefa,sud
ajfas-1,"Alliance Jeunesse-Famille de l’Alberta Society","francophonie;jeunesse;familles;integration;services sociaux","Fondée en décembre 1999, l’AJFAS est un organisme francophone à but non lucratif dédié à la prévention de la criminalité auprès des jeunes et des familles francophones d’origine immigrante et à leur intégration socio-professionnelle en Alberta. L’organisme promeut l’harmonie, la sécurité, la cohésion sociale et l’appréciation de la diversité.",1999,Luketa M’Pindou,Fondateur et Directeur général,"Programmes de mentorat : Jeunes Ambassadeurs Itinérants (JAMIT) pour former des jeunes ambassadeurs de paix et de justice sociale;Soutien aux femmes (Honneur & Respect) : ateliers et forums pour femmes francophones d’origine immigrante;Prévention de la violence familiale : programmes tels que Déjeuners des hommes et Causeries entre femmes;Services d’interprétation et de traduction;Activités communautaires, sportives et culturelles : sorties, célébrations, rencontres sportives et émissions radiophoniques comme le 'Café du Savoir';Programmes pour les jeunes en conflit avec la loi : Caravan Youth Justice pour la réhabilitation des 12-17 ans;Agir contre le racisme : promouvoir le respect des différences et le mieux-vivre ensemble;Promotion de l’interculturalité et du dialogue des cultures;Programme de Résilience Familiale : soutien psychologique, éducatif et santé mentale pour enfants et familles de 9-17 ans;Cuisine Communautaire : socialisation et apprentissage pour familles;Jardin Communautaire : programme saisonnier pour briser l’isolement;Programme Échange Jeunesse Canada : exploration et partage pour les 12-17 ans;Camp Enfance et Leadership en Action (ELA) : camp thématique sur le leadership et la diversité pour les 6-12 ans;Aide à l’autonomisation par l’entreprenariat : coopérative de couture et réseau de jeunes entrepreneurs noirs","Jeunes, femmes et familles francophones d’origine immigrante résidant en Alberta","Edmonton|8925 Whyte Ave NW #100, Edmonton, AB T6C 0Z2|53.5178363|-113.4649464",780-440-2621,info@ajfas.ca,https://ajfas.ca,"jeunesse;familles;francophonie;prévention;diversité;communauté;mentorat;leadership;éducation","RIFA;Groupe Sectoriel Santé et Services Sociaux",ajfas,centre
campus_saint_jean,"Campus Saint-Jean","education;francophonie;vie communautaire;culture;apprentissage du francais","Campus multidisciplinaire francophone de l’Université de l’Alberta, établi en 1908 à Edmonton, offrant des programmes universitaires de premier cycle et des cycles supérieurs en français.",1908,Pr Jason Carey,Doyen,"Services étudiants – La Centrale : santé, bien-être, réussite académique, orientation, services internationaux, résidence;Conseil académique : accompagnement pédagogique, bourses, formulaires, soutien aux examens;Bibliothèque Saint-Jean : collections francophones, ressources éducatives, accès aux bibliothèques de l’Université de l’Alberta;Vie sur le campus : cafétéria, résidence francophone, navette gratuite avec le campus Nord, services TI, réservation de salles;Santé et bien-être : services de santé mentale, activités de bien-être, jardin communautaire;Vie associative et culturelle : associations étudiantes, chorale, théâtre, événements communautaires;Programmes éducatifs : baccalauréats, diplômes collégiaux, cours de langue, micro-certificats, formation à distance, études supérieures (Maîtrise et Doctorat en sciences de l’éducation);Recherche et rayonnement : instituts de recherche francophones, patrimoine et culture, participation à des projets communautaires et scientifiques","Étudiants francophones et francophiles de l’Alberta et d’ailleurs, futurs enseignants, chercheurs et professionnels francophones, ainsi que la communauté locale souhaitant étudier, travailler ou participer à la vie culturelle francophone","Edmonton|8406 Rue Marie-Anne Gaboury, Edmonton, Alberta, Canada T6C 4G9|53.521459|-113.4688688",780-465-8700,saintjean@ualberta.ca,https://www.ualberta.ca/fr/campus-saint-jean,"éducation;université;francophonie;étudiants;recherche;culture;services étudiants","RIFA;Groupe Sectoriel Éducation",campus_saint_jean,centre
campus_saint_jean-1,"Campus Saint-Jean","education;francophonie;vie communautaire;culture;apprentissage du francais","Campus multidisciplinaire francophone de l’Université de l’Alberta, établi en 1908 à Edmonton, offrant des programmes universitaires de premier cycle et des cycles supérieurs en français.",1908,Pr Jason Carey,Doyen,"Services étudiants – La Centrale : santé, bien-être, réussite académique, orientation, services internationaux, résidence;Conseil académique : accompagnement pédagogique, bourses, formulaires, soutien aux examens;Bibliothèque Saint-Jean : collections francophones, ressources éducatives, accès aux bibliothèques de l’Université de l’Alberta;Vie sur le campus : cafétéria, résidence francophone, navette gratuite avec le campus Nord, services TI, réservation de salles;Santé et bien-être : services de santé mentale, activités de bien-être, jardin communautaire;Vie associative et culturelle : associations étudiantes, chorale, théâtre, événements communautaires;Programmes éducatifs : baccalauréats, diplômes collégiaux, cours de langue, micro-certificats, formation à distance, études supérieures (Maîtrise et Doctorat en sciences de l’éducation);Recherche et rayonnement : instituts de recherche francophones, patrimoine et culture, participation à des projets communautaires et scientifiques","Étudiants francophones et francophiles de l’Alberta et d’ailleurs, futurs enseignants, chercheurs et professionnels francophones, ainsi que la communauté locale souhaitant étudier, travailler ou participer à la vie culturelle francophone","Calgary|Campus Saint-Jean, Calgary, Alberta, Canada|51.0450393|-114.0652795",780-465-8700,saintjean@ualberta.ca,https://www.ualberta.ca/fr/campus-saint-jean,"éducation;université;francophonie;étudiants;recherche;culture;services étudiants","RIFA;Groupe Sectoriel Éducation",campus_saint_jean,sud
canada_in_progress-1,"Canada In Progress","francophonie;vie communautaire;integration;nouveaux arrivants;services sociaux","Société à but non lucratif fondée en 2017 à Grande Prairie, Canada In Progress a pour mandat d’éduquer et sensibiliser la communauté francophone locale, notamment à travers des activités et formations favorisant l’engagement civique, social et culturel, la diversité et l’inclusion.",2017,Paul Rovin,Directeur général,"Déclaration d’impôt pour les personnes à faible revenu (PCBMI);Aide à l’intégration et à la connexion communautaire;Référencements pour les services de logement, emploi, finance, éducation et vie communautaire;Activités culturelles dans les écoles et dans les communautés","Immigrants et nouveaux arrivants francophones de Grande Prairie et ses environs, incluant jeunes, familles et communautés multiculturelles","Grande Prairie|10029 97 Ave, Grande Prairie, AB T8V 0N3|55.16779930000001|-118.7971213",+1 587-408-3458,canadinpro@gmail.com,https://canadainprogress.ca/,"francophonie;communauté;immigrants;intégration;diversité;inclusion;culture;jeunesse;familles","RIFA;Groupe Sectoriel Accueil et Établissement",canada_in_progress,nord
canaf-1,"CANAF","francophonie;nouveaux arrivants;integration;services sociaux;emploi","Le CANAF soutient les nouveaux arrivants francophones en les orientant vers les services et programmes nécessaires à leur établissement. Il favorise le rapprochement communautaire pour une francophonie multiculturelle et inclusive, et promeut des activités culturelles et sociales pour célébrer la diversité au sein de la communauté francophone de Calgary et du sud de l’Alberta.",,Esdras Ngenzi,Directeur général,"Analyse des besoins et évaluation personnalisée;Information et orientation sur la vie au Canada;Connexion communautaire et activités d’intégration;Accompagnement à la recherche d’emploi et à l’entrepreneuriat;Traduction et interprétation, références vers cours LINC/ESL;Aide à la recherche de logement et transport en commun;Orientation vers ressources alimentaires et meubles;Ateliers d’information sur l’établissement;Informations sur les services juridiques en français;Clinique des impôts;Camps de vacances pour jeunes;Centre de ressources (ordinateur, Internet, imprimante, téléphone);Soutien au système scolaire","Résidents permanents récents, réfugiés acceptés, personnes en attente de statut, ainsi que francophones et francophiles ayant des besoins d’accueil, d’établissement et d’intégration (étudiants, demandeurs d’asile, permis vacances-travail).","Calgary|727 7 Ave SW suite 1560, Calgary, AB T2P 1H4, Canada|51.04681679999999|-114.078222",+1 403-532-6334,info@canaf.ca,https://www.canaf.ca/,"francophonie;nouveaux arrivants;intégration;accueil;emploi;logement;jeunesse;diversité;services sociaux","RIFA;Groupe Sectoriel Accueil et Établissement;Groupe Sectoriel Emploi et Entrepreneuriat;Groupe Sectoriel Santé et Services Sociaux",canaf,sud
,"Centre d’Appui Familial du Sud de l’Alberta","familles;francophonie;education;bien etre;vie communautaire","Le Centre d’Appui Familial du Sud de l’Alberta soutient les familles francophones et exogames du sud de l’Alberta en offrant des services en français axés sur le développement des enfants, le soutien parental et le bien-être familial.",2018,Mouna Gasmi,Directrice générale,"Soutien parental : ateliers éducatifs, groupes de discussion et ressources;Développement de l’enfant : programmes pour enfants de 0 à 18 ans;Prévention et intervention précoce;Bibliothèque francophone (prêt de livres, jeux éducatifs);Bibliothèque mobile pour accès itinérant aux ressources;Ateliers thématiques pour familles;Événements culturels et rassemblements communautaires;Camps de vacances éducatifs et récréatifs","Familles francophones, francophiles et exogames avec enfants de 0 à 18 ans dans le sud de l’Alberta.","Calgary|1921 10 Ave SW, Calgary, AB T3C 0K3, Canada|51.0444022|-114.1055294",+1 403-249-0525,info@cdafsa.ca,https://centredappuifamilial.ca/,"familles;francophonie;soutien parental;développement de l’enfant;bibliothèque;ressources éducatives;communauté;sud de l’Alberta","RIFA;Groupe Sectoriel Éducation",centre_appui_familial_sud_alberta,sud
centre_appui_familial_sud_alberta-1,"Centre d’Appui Familial du Sud de l’Alberta","familles;francophonie;education;bien etre;vie communautaire","Le Centre d’Appui Familial du Sud de l’Alberta soutient les familles francophones et exogames du sud de l’Alberta en offrant des services en français axés sur le développement des enfants, le soutien parental et le bien-être familial.",2018,Mouna Gasmi,Directrice générale,"Soutien parental : ateliers éducatifs, groupes de discussion et ressources;Développement de l’enfant : programmes pour enfants de 0 à 18 ans;Prévention et intervention précoce;Bibliothèque francophone (prêt de livres, jeux éducatifs);Bibliothèque mobile pour accès itinérant aux ressources;Ateliers thématiques pour familles;Événements culturels et rassemblements communautaires;Camps de vacances éducatifs et récréatifs","Familles francophones, francophiles et exogames avec enfants de 0 à 18 ans dans le sud de l’Alberta.","Lethbridge|La Cité des Prairies, 2104 6 Ave S, Lethbridge, AB T1J 1C3, Canada|49.6910003|-112.8107661",+1 403-249-0525,info@cdafsa.ca,https://centredappuifamilial.ca/,"familles;francophonie;soutien parental;développement de l’enfant;bibliothèque;ressources éducatives;communauté;sud de l’Alberta","RIFA;Groupe Sectoriel Éducation",centre_appui_familial_sud_alberta,sud
centre_appui_familial_sud_alberta-0,"Centre d’Appui Familial du Sud de l’Alberta","familles;francophonie;education;bien etre;vie communautaire","Le Centre d’Appui Familial du Sud de l’Alberta soutient les familles francophones et exogames du sud de l’Alberta en offrant des services en français axés sur le développement des enfants, le soutien parental et le bien-être familial.",2018,Mouna Gasmi,Directrice générale,"Soutien parental : ateliers éducatifs, groupes de discussion et ressources;Développement de l’enfant : programmes pour enfants de 0 à 18 ans;Prévention et intervention précoce;Bibliothèque francophone (prêt de livres, jeux éducatifs);Bibliothèque mobile pour accès itinérant aux ressources;Ateliers thématiques pour familles;Événements culturels et rassemblements communautaires;Camps de vacances éducatifs et récréatifs","Familles francophones, francophiles et exogames avec enfants de 0 à 18 ans dans le sud de l’Alberta.","Canmore|ACFA régionale de Canmore – Banff, 820 8th Street, Suite 201B, Canmore, AB T1W 2B7, Canada|51.0894789|-115.3618884",+1 403-249-0525,info@cdafsa.ca,https://centredappuifamilial.ca/,"familles;francophonie;soutien parental;développement de l’enfant;bibliothèque;ressources éducatives;communauté;sud de l’Alberta","RIFA;Groupe Sectoriel Éducation",centre_appui_familial_sud_alberta,sud
centre_pour_nouveaux_arrivants_grande_prairie-1,"Centre pour les Nouveaux Arrivants de Grande Prairie","nouveaux arrivants;integration;vie communautaire;apprentissage du francais;familles","Le Centre pour les Nouveaux Arrivants de Grande Prairie (GPCN) est un organisme communautaire dédié à l’accueil et à l’accompagnement des nouveaux arrivants et résidents temporaires dans leur établissement et intégration à Grande Prairie et ses environs, offrant des services en anglais et en français.",2011,Donat Mpunga,Directeur,"Services de réinstallation : aide à l’installation, logement temporaire et permanent;Information et orientation vers services en éducation, santé, finances et vie communautaire;Soutien scolaire et linguistique : tutorat, club de conversation;Activités d’intégration : ateliers thématiques, camps pour enfants;Soutien administratif : cliniques fiscales et aide à la documentation;Programmes spécifiques financés pour nouveaux arrivants et résidents temporaires","Résidents permanents, réfugiés, résidents temporaires (travailleurs étrangers, étudiants internationaux, demandeurs d’asile) et Canadiens naturalisés dans la région de Grande Prairie et ses environs.","Grande Prairie|10014 99 St #505, Grande Prairie, AB T8V 3N4, Canada|55.171426|-118.7919945",+1 780-538-4452,info@gpcn.ca,https://www.gpcn.ca/,"nouveaux arrivants;intégration;réinstallation;services communautaires;Grande Prairie;bi-lingue;éducation;emploi;soutien administratif","RIFA;Groupe Sectoriel Accueil et Établissement",centre_pour_nouveaux_arrivants_grande_prairie,nord
conseil_scolaire_du_nord_ouest-1,"Conseil scolaire du Nord-Ouest","education;francophonie;jeunesse;petite enfance;apprentissage du francais","Le Conseil scolaire du Nord-Ouest (CSNO) est une autorité scolaire francophone publique en Alberta, fondée en 1994 et basée à St-Isidore. Il vise à offrir une programmation francophone complète de qualité, incluant l’enseignement de la prématernelle à la 12e année, des services d’appui et des activités parascolaires, tout en soutenant une communauté scolaire inclusive et animée par la culture francophone.",1994,Denis Fontaine,Directeur général,"Programmation éducative à temps plein de la prématernelle à la 12e année;Services d’appui scolaire et bien-être (orientation scolaire, orthophonie, psychologie, etc.);Activités parascolaires, sportives et culturelles;Services à la petite enfance, préscolaire et programmes de francisation","Élèves francophones de la prématernelle à la 12e année et leurs familles dans le nord-ouest de l’Alberta répondant aux critères d’admissibilité pour l’éducation francophone.","St-Isidore|4 Rue Bouchard, CP 1220, St-Isidore, AB T0H 3B0, Canada|56.204993|-117.1069457",+1 780-624-8855,conseil@csno.ab.ca,https://csno.ab.ca/,"éducation francophone;enseignement;services scolaires;Alberta;prématernelle;primaire;secondaire;soutien scolaire","RIFA;Groupe Sectoriel Éducation",conseil_scolaire_du_nord_ouest,nord
conseil_scolaire_francosud-1,"Conseil scolaire FrancoSud","education;apprentissage du francais;jeunesse;nouveaux arrivants;petite enfance","Le Conseil scolaire FrancoSud offre une éducation en français langue première, gratuite et financée par la province, opérant 19 écoles (15 publiques et 4 catholiques) à travers le sud de l’Alberta. Son mandat découle de l’article 23 de la Charte canadienne des droits et libertés, qui garantit aux ayants droit l’accès à l’éducation francophone.",2013,Monique Baker,Directrice générale,"Éducation en français langue première de la maternelle à la 12e année;Soutien à l’apprentissage;Service de francisation pour les enfants à prédominance anglophone;Transport scolaire gratuit pour tous les élèves;Programme projet Appartenance : promotion de la santé mentale;Équipes sportives et activités parascolaires (arts, clubs, leadership);Soutien aux nouveaux arrivants : aide à l’inscription, orientation, accompagnement;Programmes de garde, prématernelle et services de petite enfance;Bourses scolaires;Partenariats avec organismes locaux, provinciaux et nationaux","Élèves éligibles à l’éducation francophone de la maternelle à la 12e année dans les communautés francophones du sud de l’Alberta (Calgary, Airdrie, Cochrane, Chestermere, Okotoks, Lethbridge, Medicine Hat, Brooks, Bellevue, Cardston, Canmore).","Calgary|6715 8 St NE Suite 295, Calgary, AB T2E 7H7, Canada|51.1129939|-114.0454613",+1 403-686-6998,infoconseil@francosud.ca,https://francosud.ca/,"éducation francophone;enseignement;sud de l’Alberta;maternelle à 12e;soutien aux élèves;services scolaires;transport scolaire;activité parascolaire","RIFA;Groupe Sectoriel Éducation",conseil_scolaire_francosud,sud
ecole_francophone_brooks-1,"École Francophone de Brooks (École Le Ruisseau)","vie communautaire","École publique francophone à Brooks, Alberta, accueillant les élèves de la prématernelle à la 12e année. L’école fait partie du Conseil scolaire FrancoSud et offre un environnement d’apprentissage axé sur la réussite académique, le développement personnel et l’épanouissement culturel.",2013,Monique Ntep,Directrice,"Programme complet préscolaire (garderie, prématernelle), primaire et secondaire jusqu’à la 12e année;Accompagnement scolaire : inclusion, bibliothèque, orientation, soutien santé mentale et suivi des apprentissages;Ressources aux familles : transport scolaire, prêt d’ordinateurs portables, communication et implication parentale","Élèves francophones ou issus d’immersion française de la prématernelle à la 12e année, résidents de Brooks et des environs, ainsi que familles francophiles.","Brooks|400 10 St E, Brooks, AB T1R 0A2, Canada|50.5635267|-111.9090797",+1 403-686-6998,infoconseil@francosud.ca,https://leruisseau.francosud.ca/,"éducation francophone;FrancoSud;préscolaire;primaire;secondaire;Brooks;services aux familles;soutien scolaire;inclusion","RIFA;Groupe Sectoriel Éducation",ecole_francophone_brooks,sud
conseil_scolaire_centre_est-1,"Conseil scolaire Centre-Est","education;francophonie;jeunesse;culture;familles","Le Conseil scolaire Centre-Est (CSCE) est une autorité scolaire francophone située à St. Paul, Alberta. Il offre une éducation francophone de qualité de la prématernelle à la 12e année et valorise le patrimoine culturel francophone dans un contexte bilingue.",1995,Dolorèse Nolette,Directrice générale,"Éducation en français de la prématernelle à la 12e année;Services d’appui pédagogique et ressources pour élèves à besoins particuliers;Programmation culturelle pour renforcer l'identité francophone;Activités parascolaires : clubs, sports et événements culturels;Soutien aux parents : ressources et accompagnement","Élèves francophones ou issus d’immersion française de la prématernelle à la 12e année dans le nord-est de l’Alberta.","St. Paul|4617 50 Avenue, St. Paul, AB T0A 3A3, Canada|53.9904654|-111.2861229",+1 780-645-3888,centreest@centreest.ca,https://www.centreest.ca/,"éducation francophone;prématernelle à 12e;services scolaires;Alberta nord-est;culture francophone;soutien pédagogique","RIFA;Groupe Sectoriel Éducation",conseil_scolaire_centre_est,nord
communaute_francophone_accueillante_calgary-1,"Communauté Francophone Accueillante de Calgary","francophonie;integration;nouveaux arrivants;vie communautaire;jeunesse","Le projet Communauté Francophone Accueillante (CFA) a débuté en 2019 pour favoriser l’inclusion et l’intégration des nouveaux arrivants francophones à Calgary. Le CANAF agit comme agent fiduciaire local pour la mise en œuvre du projet.",2019,Miryam Ben Romdhane,Coordonnatrice du projet CFA,"Volet communautaire : Fêtes de bienvenue, Fête du Canada, Fête de fin d’année;Volet jeunesse – Le Repaire des Jeunes : événements sportifs et culturels, camps de vacances, projets de leadership;Volet communication : guide numérique des services en français, carte interactive des démarches administratives","Nouveaux arrivants francophones à Calgary, incluant enfants (6 à 11 ans), adolescents (12 à 17 ans) et familles francophones.","Calgary|727 7 Ave SW, Suite 1560, Calgary, AB T2P 1H4, Canada|51.04681679999999|-114.078222",+1 403-532-6334,info@cfacalgary.ca,https://www.cfacalgary.ca/,"francophonie;immigrants;jeunesse;intégration;communauté;services aux nouveaux arrivants;Calgary","RIFA;Groupe Sectoriel Écosystème d’Appui au Secteur de l’Établissement",communaute_francophone_accueillante_calgary,sud
conseil_scolaire_centre_nord-1,"Conseil scolaire Centre-Nord","education;francophonie;culture;jeunesse;vie communautaire","Le Conseil scolaire Centre-Nord (CSCN), fondé en 1994, dessert environ 3 700 élèves dans 19 écoles publiques et catholiques du centre et nord de l’Alberta. Il offre une éducation en français langue première tout en respectant les droits linguistiques et confessionnels des communautés francophones.",1994,Robert Lessard,Directeur général,"Éducation en français langue première de la prématernelle à la 12e année;Soutien pédagogique et services d’orientation pour élèves à besoins particuliers;Programmes culturels et communautaires pour renforcer l’identité francophone et l’engagement communautaire;Partenariats avec des organismes communautaires pour offrir des services complémentaires aux familles","Enfants et adolescents francophones ou issus d’immersion française, de la prématernelle à la 12e année dans le centre et nord de l’Alberta.","Edmonton|9630 103A Avenue NW, Edmonton, AB T5H 0S7, Canada|53.5473197|-113.4853684",+1 780-468-6440,conseil@centrenord.ab.ca,https://centrenord.ab.ca,"éducation francophone;prématernelle à 12e;centre-nord Alberta;services scolaires;soutien pédagogique;culture francophone","RIFA;Groupe Sectoriel Éducation;Groupe Sectoriel Santé et Services Sociaux",conseil_scolaire_centre_nord,centre
edmonton_fusion_fc-1,"Edmonton Fusion FC","francophonie;jeunesse;nouveaux arrivants;vie communautaire;familles","Fondé en 2018, l’Edmonton Fusion FC est un club de soccer bilingue (français-anglais) à but non lucratif basé à Edmonton. Il se distingue par son engagement communautaire, son accessibilité et son approche inclusive, offrant des programmes adaptés à tous les âges et niveaux.",2018,Paul Addo,Responsable du programme Pro Soccer Training,"Académie de soccer pour les jeunes de 5 à 15 ans avec pré-académie en français et programme avancé Pro Soccer Training;Entraînements combinant futsal (automne/hiver) et soccer (printemps/été);Équipes compétitives masculines et féminines participant à des ligues locales et provinciales;Camp SoccArt : camp d’été combinant soccer et activités artistiques;Programme sport-études en partenariat avec l’École Alexandre-Taché;Activités d’intégration sociale pour les nouveaux arrivants, incluant bénévolat et réseautage","Jeunes, familles, nouveaux arrivants francophones et toute personne souhaitant évoluer dans un environnement inclusif et culturellement riche à Edmonton.","Edmonton|La Cité francophone & École Maurice-Lavallée, Edmonton, AB, Canada|53.5244259|-113.4733748",,edmontonfusionfc@gmail.com,https://edmontonfusionfc.com,"soccer;jeunesse;intégration;sport inclusif;francophonie;familles;Alberta","RIFA;Groupe Sectoriel Écosystème d’Appui au Secteur de l’Établissement",edmonton_fusion_fc,centre
fcsfa-1,"Fédération des Conseils Scolaires Francophones de l’Alberta","francophonie;éducation;défense des droits;familles","La FCSFA regroupe les quatre conseils scolaires francophones de l’Alberta. Elle assure la concertation entre eux et veille à promouvoir, défendre et renforcer l’éducation en français langue première dans la province, tout en respectant l’autonomie de chaque conseil.",,Gisèle Bourque,Directrice exécutive,"Concertation des conseils scolaires pour partager ressources et harmoniser les pratiques;Représentation et défense des droits en matière d’éducation francophone;Soutien à l’excellence éducative : formation du personnel et qualité de l’enseignement;Sensibilisation des familles aux critères d’admissibilité et encouragement à l’inscription;Promotion de la langue et culture francophone à travers des projets et événements éducatifs;Accès à l’information et publications pour appuyer les conseils scolaires et informer les familles","Élèves francophones, familles et communautés scolaires des quatre conseils scolaires francophones de l’Alberta.","Saint-Isidore|Saint-Isidore, Alberta, Canada|56.205906|-117.109976",+1 780-468-6440,info@fcsfa.ca,https://fcsfa.ca,"fédération scolaire;éducation francophone;collaboration;Alberta;promotion de la langue;soutien scolaire","RIFA;Groupe Sectoriel Éducation",fcsfa,nord
frap-1,"Francophonie Albertaine Plurielle","francophonie;nouveaux arrivants;integration;vie communautaire;education","Créée en 2014, la Francophonie Albertaine Plurielle accompagne les immigrants francophones en Alberta grâce à des services d’accueil, d’établissement, d’intégration scolaire et communautaire, offrant un soutien pratique pour le logement, les démarches d’immigration, la garde d’enfants, la citoyenneté et la participation sociale.",,Alphonse Ndem Ahola,Directeur général,"Services d’établissement : aide au logement, orientation vers services de garde, soutien aux démarches d’immigration;Services de soutien : traduction et interprétation, aide transport, préparation à la citoyenneté, assistance fiscale;Services éducatifs : accompagnement scolaire, ateliers éducatifs, camps d’été, cercles de conversation en anglais;Intégration communautaire : organisation d’événements multiculturels, mise en contact avec groupes locaux, prêt de matériel et ordinateurs portables","Nouveaux arrivants francophones et francophiles en Alberta, ainsi que les organismes communautaires œuvrant dans l’accueil et l’intégration.","Edmonton|8627 91 St Suite 108, Edmonton, AB T6C 3L5|53.5225284|-113.466302",+1 780-540-8682,info@frap.ca,https://frap.ca,"francophonie;immigrants;intégration;services communautaires;éducation;jeunesse;familles","RIFA;Groupes Sectoriels Accueil et Établissement;Éducation;Emploi et Entrepreneuriat;Santé et Services Sociaux",frap,centre
frap-2,"Francophonie Albertaine Plurielle","francophonie;nouveaux arrivants;integration;vie communautaire;education","Créée en 2014, la Francophonie Albertaine Plurielle accompagne les immigrants francophones en Alberta grâce à des services d’accueil, d’établissement, d’intégration scolaire et communautaire, offrant un soutien pratique pour le logement, les démarches d’immigration, la garde d’enfants, la citoyenneté et la participation sociale.",,Alphonse Ndem Ahola,Directeur général,"Services d’établissement : aide au logement, orientation vers services de garde, soutien aux démarches d’immigration;Services de soutien : traduction et interprétation, aide transport, préparation à la citoyenneté, assistance fiscale;Services éducatifs : accompagnement scolaire, ateliers éducatifs, camps d’été, cercles de conversation en anglais;Intégration communautaire : organisation d’événements multiculturels, mise en contact avec groupes locaux, prêt de matériel et ordinateurs portables","Nouveaux arrivants francophones et francophiles en Alberta, ainsi que les organismes communautaires œuvrant dans l’accueil et l’intégration.","Red Deer|Red Deer, Alberta, Canada|52.2690328|-113.8114955",+1 780-540-8682,info@frap.ca,https://frap.ca,"francophonie;immigrants;intégration;services communautaires;éducation;jeunesse;familles","RIFA;Groupes Sectoriels Accueil et Établissement;Éducation;Emploi et Entrepreneuriat;Santé et Services Sociaux",frap,centre
frap-3,"Francophonie Albertaine Plurielle","francophonie;nouveaux arrivants;integration;vie communautaire;education","Créée en 2014, la Francophonie Albertaine Plurielle accompagne les immigrants francophones en Alberta grâce à des services d’accueil, d’établissement, d’intégration scolaire et communautaire, offrant un soutien pratique pour le logement, les démarches d’immigration, la garde d’enfants, la citoyenneté et la participation sociale.",,Alphonse Ndem Ahola,Directeur général,"Services d’établissement : aide au logement, orientation vers services de garde, soutien aux démarches d’immigration;Services de soutien : traduction et interprétation, aide transport, préparation à la citoyenneté, assistance fiscale;Services éducatifs : accompagnement scolaire, ateliers éducatifs, camps d’été, cercles de conversation en anglais;Intégration communautaire : organisation d’événements multiculturels, mise en contact avec groupes locaux, prêt de matériel et ordinateurs portables","Nouveaux arrivants francophones et francophiles en Alberta, ainsi que les organismes communautaires œuvrant dans l’accueil et l’intégration.","Fort McMurray|Fort McMurray, Alberta, Canada|56.7266231|-111.3790095",+1 780-540-8682,info@frap.ca,https://frap.ca,"francophonie;immigrants;intégration;services communautaires;éducation;jeunesse;familles","RIFA;Groupes Sectoriels Accueil et Établissement;Éducation;Emploi et Entrepreneuriat;Santé et Services Sociaux",frap,nord
frap-4,"Francophonie Albertaine Plurielle","francophonie;nouveaux arrivants;integration;vie communautaire;education","Créée en 2014, la Francophonie Albertaine Plurielle accompagne les immigrants francophones en Alberta grâce à des services d’accueil, d’établissement, d’intégration scolaire et communautaire, offrant un soutien pratique pour le logement, les démarches d’immigration, la garde d’enfants, la citoyenneté et la participation sociale.",,Alphonse Ndem Ahola,Directeur général,"Services d’établissement : aide au logement, orientation vers services de garde, soutien aux démarches d’immigration;Services de soutien : traduction et interprétation, aide transport, préparation à la citoyenneté, assistance fiscale;Services éducatifs : accompagnement scolaire, ateliers éducatifs, camps d’été, cercles de conversation en anglais;Intégration communautaire : organisation d’événements multiculturels, mise en contact avec groupes locaux, prêt de matériel et ordinateurs portables","Nouveaux arrivants francophones et francophiles en Alberta, ainsi que les organismes communautaires œuvrant dans l’accueil et l’intégration.","Grande Prairie|Grande Prairie, Alberta, Canada|55.170691|-118.7884808",+1 780-540-8682,info@frap.ca,https://frap.ca,"francophonie;immigrants;intégration;services communautaires;éducation;jeunesse;familles","RIFA;Groupes Sectoriels Accueil et Établissement;Éducation;Emploi et Entrepreneuriat;Santé et Services Sociaux",frap,nord
frap-6,"Francophonie Albertaine Plurielle","francophonie;nouveaux arrivants;integration;vie communautaire;education","Créée en 2014, la Francophonie Albertaine Plurielle accompagne les immigrants francophones en Alberta grâce à des services d’accueil, d’établissement, d’intégration scolaire et communautaire, offrant un soutien pratique pour le logement, les démarches d’immigration, la garde d’enfants, la citoyenneté et la participation sociale.",,Alphonse Ndem Ahola,Directeur général,"Services d’établissement : aide au logement, orientation vers services de garde, soutien aux démarches d’immigration;Services de soutien : traduction et interprétation, aide transport, préparation à la citoyenneté, assistance fiscale;Services éducatifs : accompagnement scolaire, ateliers éducatifs, camps d’été, cercles de conversation en anglais;Intégration communautaire : organisation d’événements multiculturels, mise en contact avec groupes locaux, prêt de matériel et ordinateurs portables","Nouveaux arrivants francophones et francophiles en Alberta, ainsi que les organismes communautaires œuvrant dans l’accueil et l’intégration.","Lloydminster|Lloydminster, Alberta, Canada|53.2779625|-110.0061451",+1 780-540-8682,info@frap.ca,https://frap.ca,"francophonie;immigrants;intégration;services communautaires;éducation;jeunesse;familles","RIFA;Groupes Sectoriels Accueil et Établissement;Éducation;Emploi et Entrepreneuriat;Santé et Services Sociaux",frap,centre
kayanou-1,"Kayanou","vie communautaire","Kayanou a pour mission de documenter, archiver et transmettre l’histoire des diasporas caribéennes francophones et afro-descendantes en Alberta. L’organisme vise à renforcer le sentiment d’appartenance, promouvoir l’inclusion sociale et sensibiliser le grand public à la richesse culturelle des communautés noires francophones.",,Mireille Isidore,Directrice générale,"Ateliers pour enfants : contes caribéens et africains pour les 6-12 ans, expression en français et transmission culturelle;Ateliers d’archivage communautaire : documentation et préservation de l’histoire et de la culture des communautés noires francophones;Événements culturels et sensibilisation publique : Mois de l’Histoire des Noirs, Salon interculturel du livre de l’Alberta (SILAB), films, ateliers et discussions","Communautés noires francophones de l’Alberta, familles, jeunes et tout public intéressé par la culture et l’histoire afro-francophone.","Edmonton|Alberta, Canada|53.5461663|-113.4937355",+1 780-974-5821,info@kayanou.ca,https://kayanou.ca,"culture;francophonie;communauté noire;patrimoine;jeunesse;familles;éducation","RIFA;Groupe Sectoriel Écosystème d’appui au secteur de l’établissement",kayanou,centre
kayanou-0,"Kayanou","vie communautaire","Kayanou a pour mission de documenter, archiver et transmettre l’histoire des diasporas caribéennes francophones et afro-descendantes en Alberta. L’organisme vise à renforcer le sentiment d’appartenance, promouvoir l’inclusion sociale et sensibiliser le grand public à la richesse culturelle des communautés noires francophones.",,Mireille Isidore,Directrice générale,"Ateliers pour enfants : contes caribéens et africains pour les 6-12 ans, expression en français et transmission culturelle;Ateliers d’archivage communautaire : documentation et préservation de l’histoire et de la culture des communautés noires francophones;Événements culturels et sensibilisation publique : Mois de l’Histoire des Noirs, Salon interculturel du livre de l’Alberta (SILAB), films, ateliers et discussions","Communautés noires francophones de l’Alberta, familles, jeunes et tout public intéressé par la culture et l’histoire afro-francophone.","Calgary|Alberta, Canada|51.0377538|-113.9657643",+1 780-974-5821,info@kayanou.ca,https://kayanou.ca,"culture;francophonie;communauté noire;patrimoine;jeunesse;familles;éducation","RIFA;Groupe Sectoriel Écosystème d’appui au secteur de l’établissement",kayanou,sud
pia-1,"Portail de l’Immigrant Association","vie communautaire","Le Portail de l’Immigrant Association (PIA) est un organisme fondé en 2008 à Calgary par un groupe d’immigrants francophones. Il offre une gamme de services pour faciliter l’intégration sociale, économique et culturelle des immigrants francophones.",,Evelyne Kemajou,Fondatrice et Directrice,"Programmes jeunesse : soutien scolaire et aide aux devoirs, activités créatives et éducatives, mentorat et socialisation;Programmes pour femmes et familles : intégration des femmes immigrantes, programme HIPPY pour enfants d’âge préscolaire, ateliers éducatifs et récréatifs;Intégration communautaire : accompagnement via SWIS, connexion aux services locaux, activités sociales et inclusion communautaire;Services spécialisés : séances de counseling, clinique juridique gratuite mensuelle","Nouveaux arrivants francophones et francophiles à Calgary et environs, incluant femmes, jeunes, familles et aînés.","Calgary|840 7 Ave SW #830, Calgary, AB T2P 3P7, Canada|51.0472522|-114.0798202",+1 403-668-0299,info2@pia-calgary.ca,https://pia-calgary.ca,"immigration;francophonie;nouveaux arrivants;jeunesse;familles;femmes;éducation;intégration","RIFA;Groupes sectoriels : Accueil et Établissement, Éducation, Santé et services sociaux",pia,sud
la_cite_des_rocheuses-1,"La Cité des Rocheuses","vie communautaire","La Cité des Rocheuses est un centre communautaire et culturel francophone fondé en 1996 à Calgary, Alberta. Son mandat est de promouvoir la culture et la langue française et de soutenir le développement de la communauté francophone dans le sud de la province.",,Hervé Stéclebout,Directeur général,"Services aux nouveaux arrivants : accompagnement personnalisé et orientation vers les ressources locales;Cours de langues : français (CLIC) et anglais (LINC);Programmation culturelle et communautaire : spectacles, projections, conférences et festivals;Restaurant : Café‑Théâtre sur place;Location d’espaces : salles de réunion, théâtre et espaces événementiels","Francophones, francophiles de la région de Calgary, jeunes, familles et nouveaux arrivants francophones.","Calgary|4800 Richard Rd SW, Calgary, AB T3E 6L1, Canada|51.0111734|-114.1230931",+1 403-249-1749,info@citedesrocheuses.com,https://citedesrocheuses.com/,"culture;francophonie;communauté;événements;Calgary;spectacles;accueil nouveaux arrivants","RIFA;Groupe Sectoriel Accueil et Établissement;Groupe Sectoriel Écosystème d’appui au secteur de l’établissement",la_cite_des_rocheuses,sud
acfa_regionale_canmore_banff-1,"ACFA régionale de Canmore‑Banff","francophonie;vie communautaire;nouveaux arrivants;integration;culture","Depuis 2006, l’ACFA régionale de Canmore‑Banff représente et défend les intérêts de la communauté francophone dans la région des Rocheuses canadiennes, desservant les francophones et francophiles des communautés de Banff, Canmore et des environs.",,Paul Rovin,Directeur / Directrice régional(e),"Accueil et établissement : orientation et information pour nouveaux arrivants francophones;Formation linguistique et culturelle pour renforcer les compétences en français;Support communautaire et aide à l’accès aux services locaux;Activités sociales et culturelles pour rassembler la communauté;Opportunités de bénévolat et engagement communautaire","Francophones et francophiles de la région des Rocheuses canadiennes, incluant familles, jeunes, nouveaux arrivants et personnes âgées.","Canmore|820 8 St #201B, Canmore, AB T1W 2B7, Canada|51.0894789|-115.3618884",+1 403-678-7582,direction.canmore-banff@acfa.ab.ca,https://canmore-banff.acfa.ab.ca/,"francophonie;communauté;Canmore;Banff;services communautaires;culture;intégration","RIFA;Groupe Sectoriel Accueil et Établissement",acfa_regionale_canmore_banff,sud
association_francophone_brooks-1,"Association Francophone de Brooks","francophonie;nouveaux arrivants;integration;jeunesse;culture","L'Association Francophone de Brooks (AFB) est un organisme communautaire fondé le 22 juin 2004 pour promouvoir la langue et la culture françaises à Brooks, Alberta. Sa mission est de faciliter l'accès des nouveaux arrivants francophones aux services en français et de favoriser leur intégration réussie.",,Sa Eva Katusevanako,Directeur général,"Maison des jeunes : activités de club de devoirs, ateliers, gymnase, musique, danse, cuisine, couture;Programme d'intégration des jeunes : soutien à l'intégration des jeunes immigrants francophones;Programme antiracisme : renforcement des capacités des jeunes pour lutter contre le racisme;Bénévolat : encouragement à l'engagement communautaire des immigrants francophones;Sports et loisirs : activités sportives comme soccer, football et basketball;Franco Festival : célébration de la musique francophone et de la diversité","Nouveaux arrivants et jeunes francophones ainsi que la communauté francophone locale de Brooks et du comté de Newell.","Brooks|707 2 Ave E, Brooks, AB T1R 1L2, Canada|50.5630181|-111.886034",+1-403-362-0405,info@afbrooks.ca,https://afbrooks.ca/,"francophonie;communauté;Brooks;services communautaires;jeunesse;intégration;culture","RIFA;Groupe Sectoriel Écosystème d’appui au secteur de l’établissement",association_francophone_brooks,sud
canavua-1,"CANAVUA","vie communautaire","CANAVUA (Canadian Volunteers United in Action) est un organisme francophone basé à Edmonton dédié à la promotion du bénévolat et à la prestation de services communautaires essentiels, notamment une banque alimentaire, un camion‑repas communautaire et des programmes d’aide sociale pour les populations vulnérables.",,Dicky Dikamba,Directeur général,"Banque alimentaire francophone : distribution de paniers alimentaires à la communauté;Repas en bus : service mobile distribuant des repas aux sans‑abri, nouveaux arrivants et familles à faible revenu;Cours de conduite en français (Classe 7) : ateliers théoriques et accompagnement au test;Navigateur santé : transport et accompagnement en français pour rendez‑vous médicaux;Aide au déménagement : soutien logistique pour les personnes en transition;Équipe protocolaire : bénévoles pour l’organisation d’événements communautaires;Formation et engagement bénévole : recrutement et accompagnement de bénévoles;Soutien à l’intégration des nouveaux arrivants : information et orientation pour faciliter l’intégration","Immigrants francophones, personnes âgées, familles à faible revenu, personnes sans‑abri et personnes isolées, notamment dans la grande région d’Edmonton.","Edmonton|8744 50 Ave NW, Edmonton, AB T6E 5K8, Canada|53.4870279|-113.4592192",+1 780‑729‑1709,info@canavua.org,https://www.canavua.org/,"francophonie;services communautaires;bénévolat;banque alimentaire;Edmonton;intégration;inclusion sociale","RIFA;Groupe Sectoriel Accueil et Établissement",canavua,centre
centre_bien_etre_prevention_afro_canadiens_alberta-1,"Centre de bien‑être et de prévention pour Afro‑Canadiens de l’Alberta","vie communautaire","Le Centre de bien‑être et de prévention pour Afro‑Canadiens de l’Alberta (CBEP) vise à améliorer la santé globale des Afro‑Canadiens, en offrant des services culturellement adaptés, de sensibilisation, de prévention des maladies chroniques et de réinsertion sociale.",,Dr Nganda Luki,Directeur général,"Prévention des maladies chroniques : programmes centrés sur la prévention du diabète, des maladies cardiovasculaires et des troubles mentaux;Soutien en santé mentale : ateliers et ressources pour favoriser le bien‑être psychologique;Réintégration sociale : accompagnement des personnes en situation de précarité vers une meilleure inclusion sociale;Sensibilisation communautaire : campagnes éducatives et événements pour informer sur les enjeux de santé spécifiques aux Afro‑Canadiens;Services adaptés culturellement : approche tenant compte des différences culturelles, religieuses et linguistiques pour améliorer l’accès aux soins","Personnes d’origine africaine vivant en Alberta, incluant nouveaux arrivants, réfugiés, personnes âgées et personnes à risque de problèmes de santé chronique.","Edmonton|8627 Rue Marie‑Anne Gaboury #315B, Edmonton, AB T6C 4S8, Canada|53.522441|-113.4663024",+1 780‑695‑4952,info@cbep.ca,https://cbep.ca/,"santé;prévention;Afro‑Canadiens;bien‑être;communauté;Éducation santé;inclusion;Edmonton","RIFA;Groupe Sectoriel Santé et Services Sociaux",centre_bien_etre_prevention_afro_canadiens_alberta,centre